{
  "tdis_tot": 0,
  "idis_tot": 0,
  "ener_tot": 3.1535638112175666,
  "cost_tot": 0.8226272872687572,
  "emis_tot": 0.5266451564733345,
  "pele_tot": 0.020412522880491165,
  "pgas_tot": null,
  "pdih_tot": null,
  "time_rat": 0.0011443861623432496
}