{
  "tdis_tot": 5.159031435944792,
  "idis_tot": 0,
  "ener_tot": 1.5569173983208806,
  "cost_tot": 0.36017582366687717,
  "emis_tot": 0.26000520551958717,
  "pele_tot": 0.020453893775565068,
  "pgas_tot": null,
  "pdih_tot": null,
  "time_rat": 0.0011756303498375513
}